{
    "rpi4_4": {
        "min": 0.0027093887329101562,
        "max": 0.002763509750366211,
        "avg": 0.0027150654792785643
    },
    "rpi4_8": {
        "min": 0.0027081966400146484,
        "max": 0.002753019332885742,
        "avg": 0.0027135396003723144
    },
    "rpi5_4": {
        "min": 0.0019011497497558594,
        "max": 0.00307464599609375,
        "avg": 0.002155132293701172
    },
    "rpi5_8": {
        "min": 0.001901388168334961,
        "max": 0.0030825138092041016,
        "avg": 0.0021173620223999025
    },
    "msl5_16": {
        "min": 0.0,
        "max": 0.001644134521484375,
        "avg": 0.0004941534996032715
    }
}
